<?xml version="1.0" encoding="UTF-8"?>

<!--Copyright (c) 2012 by Subset Games. All rights reserved.-->
<img x="-76" y="-31" w="364" h="597" />
<offsets>
	<floor x="182" y="298" />
	<cloak x="-8" y="-8" />
</offsets>
<weaponMounts>
	<mount x="89" y="238" rotate="false" mirror="true" gib="-1" slide="up" /> <!--RAC-->
	<mount x="263" y="238" rotate="false" mirror="false" gib="-1" slide="up" /> <!--pinpoint-->
	<mount x="47" y="331" rotate="false" mirror="true" gib="-1" slide="up" /> <!--bomblauncher-->
	<mount x="318" y="331" rotate="false" mirror="false" gib="-1" slide="up" /> <!--missile-->
</weaponMounts>
<explosion />

