<?xml version="1.0" encoding="UTF-8"?>

<!--Copyright (c) 2012 by Subset Games. All rights reserved.-->
<img x="-40" y="-40" w="371" h="355" />
<offsets>
	<floor x="-8" y="-8" />
	<cloak x="0" y="0" />
</offsets>
<weaponMounts>
	<mount x="122" y="40" rotate="false" mirror="true" gib="3" slide="left" />
	<mount x="199" y="40" rotate="false" mirror="false" gib="3" slide="right" />
	<mount x="50" y="137" rotate="false" mirror="true" gib="1" slide="left" />
	<mount x="269" y="137" rotate="false" mirror="false" gib="3" slide="right" />
</weaponMounts>
<explosion>
	<gib1>
		<velocity min="0.40" max="1.00" />
		<direction min="70" max="90" />
		<angular min="-1.00" max="1.00" />
		<x>-26</x>
		<y>37</y>
	</gib1>
	<gib2>
		<velocity min="0.30" max="0.70" />
		<direction min="220" max="240" />
		<angular min="-0.40" max="0.40" />
		<x>140</x>
		<y>101</y>
	</gib2>
	<gib3>
		<velocity min="0.20" max="0.40" />
		<direction min="290" max="0" />
		<angular min="-0.40" max="1.00" />
		<x>51</x>
		<y>-28</y>
	</gib3>
	<gib4>
		<velocity min="0.10" max="0.30" />
		<direction min="-160" max="180" />
		<angular min="-0.50" max="0.50" />
		<x>10</x>
		<y>76</y>
	</gib4>
</explosion>

