<?xml version="1.0" encoding="UTF-8"?>

<!--Copyright (c) 2012 by Subset Games. All rights reserved.-->
<img x="-64" y="-71" w="267" h="374" />
<offsets>
	<floor x="133" y="187" />
	<cloak x="-13" y="-13" />
</offsets>
<weaponMounts>
	<mount x="205" y="179" rotate="false" mirror="false" gib="-1" slide="right" />
	<mount x="64" y="180" rotate="false" mirror="true" gib="-1" slide="left" />
	<mount x="169" y="82" rotate="false" mirror="false" gib="-1" slide="up" />
	<mount x="99" y="82" rotate="false" mirror="true" gib="-1" slide="up" />
</weaponMounts>
<explosion />

