<img x="-30" y="-60" w="597" h="364" />
<offsets>
	<floor x="23" y="53" />
	<cloak x="-17" y="-18" />
</offsets>
<thrusters sync="true">
    <thruster x="34" y="12">thruster_GB</thruster>
	<thruster x="34" y="280">thruster_GB</thruster>
</thrusters>
<weaponMounts>
	<mount x="357" y="101" rotate="true" mirror="true" gib="6" slide="up" />
	<mount x="357" y="263" rotate="true" mirror="false" gib="6" slide="down" />
	<mount x="432" y="122" rotate="true" mirror="true" gib="5" slide="up" />
	<mount x="432" y="242" rotate="true" mirror="false" gib="5" slide="down" />
	<mount x="621" y="199" rotate="true" mirror="true" gib="5" slide="no" />
</weaponMounts>
<explosion>
	<gib1>
		<velocity min="0.60" max="1.00" />
		<direction min="60" max="120" />
		<angular min="-0.40" max="-0.10" />
		<x>-32</x>
		<y>87</y>
	</gib1>
	<gib2>
		<velocity min="0.00" max="0.40" />
		<direction min="0" max="90" />
		<angular min="-0.40" max="0.00" />
		<x>-1</x>
		<y>-4</y>
	</gib2>
	<gib3>
		<velocity min="0.50" max="1.00" />
		<direction min="-40" max="90" />
		<angular min="-0.50" max="1.00" />
		<x>8</x>
		<y>-34</y>
	</gib3>
	<gib4>
		<velocity min="0.40" max="1.00" />
		<direction min="120" max="200" />
		<angular min="-0.20" max="1.00" />
		<x>11</x>
		<y>166</y>
	</gib4>
	<gib5>
		<velocity min="0.00" max="0.50" />
		<direction min="230" max="310" />
		<angular min="-0.20" max="0.20" />
		<x>147</x>
		<y>17</y>
	</gib5>
	<gib6>
		<velocity min="0.60" max="1.00" />
		<direction min="240" max="300" />
		<angular min="-1.00" max="1.00" />
		<x>348</x>
		<y>80</y>
	</gib6>
</explosion>